<?xml version="1.0" encoding="UTF-8"?>
<dataroot xmlns:od="urn:schemas-microsoft-com:officedata" xmlns:xsi="http://www.w3.org/2001/XMLSchema-instance"  xsi:noNamespaceSchemaLocation="'mo%2015.xsd" generated="2014-02-20T17:52:26">
<_x0027_mo_x0020_15>
<TF_OKATO>26000</TF_OKATO>
<MCOD>060001</MCOD>
<NAM_MOP>Государственное учреждение здравоохранения &quot;Ингушская республиканская клиническая больница&quot;</NAM_MOP>
<NAM_MOK>ГУЗ &quot;ИРКБ&quot;</NAM_MOK>
<INN>0602025161</INN>
<OGRN>1020600986240</OGRN>
<KPP>060601001</KPP>
<INDEX_J>386101</INDEX_J>
<ADDR_J>Республика Ингушетия, г. Назрань, ул. Муталиева, д. 11</ADDR_J>
<OKOPF>70</OKOPF>
<VEDPRI>2</VEDPRI>
<ORG>1</ORG>
<FAM_RUK>Арапханова</FAM_RUK>
<IM_RUK>Марем</IM_RUK>
<OT_RUK>Якубовна</OT_RUK>
<PHONE>(8732) 22-16-47</PHONE>
<FAX>(8732) 22-16-46</FAX>
<E_MAIL>zina.ozdoeva@yandex.ru</E_MAIL>
<N_DOC>06-01-000008</N_DOC>
<D_START>20070426</D_START>
<DATA_E>20120426</DATA_E>
<MP>1</MP>
<D_BEGIN>2011-10-03T00:00:00</D_BEGIN>
<DUVED>20130828</DUVED>
<D_EDIT>20130830</D_EDIT>
</_x0027_mo_x0020_15>
<_x0027_mo_x0020_15>
<TF_OKATO>26000</TF_OKATO>
<MCOD>060002</MCOD>
<NAM_MOP>Государственное учреждение &lt;Республиканская поликлиника&gt;</NAM_MOP>
<NAM_MOK>ГУ &quot;РП&quot;</NAM_MOK>
<INN>0606003708</INN>
<OGRN>1020600987285</OGRN>
<KPP>060601001</KPP>
<INDEX_J>386101</INDEX_J>
<ADDR_J>Республика Ингушетия, г. Назрань, ул. Муталиева, д. 11</ADDR_J>
<OKOPF>70</OKOPF>
<VEDPRI>2</VEDPRI>
<ORG>1</ORG>
<FAM_RUK>Горчханова</FAM_RUK>
<IM_RUK>Тамара</IM_RUK>
<OT_RUK>Тамерлановна</OT_RUK>
<PHONE>(8732) 22-26-05</PHONE>
<FAX>(8732) 22-00-14</FAX>
<E_MAIL>poliklinika-ri.@mail.ru</E_MAIL>
<N_DOC>06-01-000005</N_DOC>
<D_START>04.12.2007</D_START>
<DATA_E>04.12.2012</DATA_E>
<MP>1</MP>
<D_BEGIN>2011-10-03T00:00:00</D_BEGIN>
<DUVED>20130826</DUVED>
<D_EDIT>20130830</D_EDIT>
</_x0027_mo_x0020_15>
<_x0027_mo_x0020_15>
<TF_OKATO>26000</TF_OKATO>
<MCOD>060003</MCOD>
<NAM_MOP>Государственное учреждение &quot;Центр охраны материнства и детства&quot;</NAM_MOP>
<NAM_MOK>ЦОМД</NAM_MOK>
<INN>0608004954</INN>
<OGRN>1060608013828</OGRN>
<KPP>060801001</KPP>
<INDEX_J>386102</INDEX_J>
<ADDR_J>Республика Ингушетия, г. Назрань, ул. Муталиева, д. 66</ADDR_J>
<OKOPF>70</OKOPF>
<VEDPRI>2</VEDPRI>
<ORG>1</ORG>
<FAM_RUK>Кодзоева</FAM_RUK>
<IM_RUK>Элина</IM_RUK>
<OT_RUK>Башировна</OT_RUK>
<PHONE>(8732) 22-01-00</PHONE>
<FAX>(8732) 22-23-83</FAX>
<E_MAIL>GU_comd@mail.ru</E_MAIL>
<N_DOC>06-01-000004</N_DOC>
<D_START>04.12.2007</D_START>
<DATA_E>04.12.2012</DATA_E>
<MP>1</MP>
<D_BEGIN>2011-10-03T00:00:00</D_BEGIN>
<DUVED>20130825</DUVED>
<D_EDIT>20130830</D_EDIT>
</_x0027_mo_x0020_15>
<_x0027_mo_x0020_15>
<TF_OKATO>26000</TF_OKATO>
<MCOD>060004</MCOD>
<NAM_MOP>Муниципальное учреждение Назрановская городская больница&gt;</NAM_MOP>
<NAM_MOK>МУ &quot;НГБ&quot;</NAM_MOK>
<INN>0602000713</INN>
<OGRN>1020600983776</OGRN>
<KPP>060601001</KPP>
<INDEX_J>386132</INDEX_J>
<ADDR_J>Республика Ингушетия, г. Назрань, м.о. Гамурзиевский, ул. Зязикова</ADDR_J>
<OKOPF>70</OKOPF>
<VEDPRI>1</VEDPRI>
<ORG>1</ORG>
<FAM_RUK>Мальсагов</FAM_RUK>
<IM_RUK>Магомет-Гирей</IM_RUK>
<OT_RUK>Абдурохманович</OT_RUK>
<PHONE>(8732) 22-20-87</PHONE>
<FAX>(8732) 22-20-87</FAX>
<E_MAIL>email:gungbmail.ru</E_MAIL>
<N_DOC>06-02-000030</N_DOC>
<D_START>20070621</D_START>
<DATA_E>20120621</DATA_E>
<MP>1</MP>
<D_BEGIN>2011-10-03T00:00:00</D_BEGIN>
<DUVED>20130830</DUVED>
<D_EDIT>20130830</D_EDIT>
</_x0027_mo_x0020_15>
<_x0027_mo_x0020_15>
<TF_OKATO>26000</TF_OKATO>
<MCOD>060005</MCOD>
<NAM_MOP>Муниципальное учреждение здравоохранения &quot;Карабулакская городская больница&quot;</NAM_MOP>
<NAM_MOK>МУЗ &quot;КГБ&quot;</NAM_MOK>
<INN>0603005841</INN>
<OGRN>1020601372076</OGRN>
<KPP>060501001</KPP>
<INDEX_J>386231</INDEX_J>
<ADDR_J>Республика Ингушетия, г. Карабулак, ул. Рабочая, д. 6</ADDR_J>
<OKOPF>70</OKOPF>
<VEDPRI>1</VEDPRI>
<ORG>1</ORG>
<FAM_RUK>Аушева</FAM_RUK>
<IM_RUK>Фуна</IM_RUK>
<OT_RUK>Аюповна</OT_RUK>
<PHONE>(8734) 44-49-93</PHONE>
<FAX>(8734) 44-49-93</FAX>
<E_MAIL>kgb06.kgb@yandex.ru</E_MAIL>
<N_DOC>06-01-000024</N_DOC>
<D_START>20100322</D_START>
<DATA_E>20150322</DATA_E>
<MP>1</MP>
<D_BEGIN>2011-10-03T00:00:00</D_BEGIN>
<DUVED>20130824</DUVED>
<D_EDIT>20130830</D_EDIT>
</_x0027_mo_x0020_15>
<_x0027_mo_x0020_15>
<TF_OKATO>26000</TF_OKATO>
<MCOD>060006</MCOD>
<NAM_MOP>Муниципальное учреждение здравоохранения &quot;Центральная районная больница Малгобекского муниципального района&quot;</NAM_MOP>
<NAM_MOK>МУ &quot;ЦРБ&quot;  Малгобекского муниципального района</NAM_MOK>
<INN>0601011159</INN>
<OGRN>1030600080280</OGRN>
<KPP>060130001</KPP>
<INDEX_J>386302</INDEX_J>
<ADDR_J>Республика Ингушетия, г. Малгобек, ул. Гарданова, 3</ADDR_J>
<OKOPF>70</OKOPF>
<VEDPRI>1</VEDPRI>
<ORG>1</ORG>
<FAM_RUK>Бузуртанов</FAM_RUK>
<IM_RUK>Магомед</IM_RUK>
<OT_RUK>Хасанович</OT_RUK>
<PHONE>(8734) 62-36-79</PHONE>
<FAX>(8734) 62-34-96</FAX>
<E_MAIL>xospital-malg@mail.ru</E_MAIL>
<N_DOC>06-01-000013</N_DOC>
<D_START>20070531</D_START>
<DATA_E>20120531</DATA_E>
<MP>1</MP>
<D_BEGIN>2011-10-03T00:00:00</D_BEGIN>
<DUVED>20130825</DUVED>
<D_EDIT>20130830</D_EDIT>
</_x0027_mo_x0020_15>
<_x0027_mo_x0020_15>
<TF_OKATO>26000</TF_OKATO>
<MCOD>060007</MCOD>
<NAM_MOP>Муниципальное учреждение &quot;Сунженская центральная районная больница&quot;</NAM_MOP>
<NAM_MOK>МУ &quot;СЦРБ&quot;</NAM_MOK>
<INN>0603005320</INN>
<OGRN>1020600812066</OGRN>
<KPP>060301001</KPP>
<INDEX_J>386203</INDEX_J>
<ADDR_J>Республика Ингушетия, Сунженский р-н, ст. Орджоникидзевская, ул. Осканова, 5</ADDR_J>
<OKOPF>70</OKOPF>
<VEDPRI>1</VEDPRI>
<ORG>1</ORG>
<FAM_RUK>Погорова</FAM_RUK>
<IM_RUK>Екатерина</IM_RUK>
<OT_RUK>Ахмедовна</OT_RUK>
<PHONE>(8732) 72-16-59</PHONE>
<FAX>(8734) 72-20-88</FAX>
<E_MAIL>crb06@mail.ru</E_MAIL>
<N_DOC>06-01-000018</N_DOC>
<D_START>20070823</D_START>
<DATA_E>20120823</DATA_E>
<MP>1</MP>
<D_BEGIN>2011-10-03T00:00:00</D_BEGIN>
<DUVED>20130826</DUVED>
<D_EDIT>20130830</D_EDIT>
</_x0027_mo_x0020_15>
<_x0027_mo_x0020_15>
<TF_OKATO>26000</TF_OKATO>
<MCOD>060008</MCOD>
<NAM_MOP>Муниципальное учреждение &quot;Районная больница №2 Малгобекского муниципального района&quot;</NAM_MOP>
<NAM_MOK>МУ &quot;РБ№2&quot; ММР</NAM_MOK>
<INN>0601010941</INN>
<OGRN>1020600507894</OGRN>
<KPP>060130001</KPP>
<INDEX_J>386301</INDEX_J>
<ADDR_J>Республика Ингушетия, Малгобекский р-н, станица Вознесеновская, ул. Калинина, д. 42</ADDR_J>
<OKOPF>70</OKOPF>
<VEDPRI>1</VEDPRI>
<ORG>1</ORG>
<FAM_RUK>Бузуртанова</FAM_RUK>
<IM_RUK>Хадишат</IM_RUK>
<OT_RUK>Юсуповна</OT_RUK>
<PHONE>(962)637-89-65</PHONE>
<FAX>не имеет</FAX>
<E_MAIL>murb2@mail.ru</E_MAIL>
<N_DOC>06-01-000012</N_DOC>
<D_START>20070531</D_START>
<DATA_E>20120531</DATA_E>
<MP>1</MP>
<D_BEGIN>2011-10-03T00:00:00</D_BEGIN>
<DUVED>20130827</DUVED>
<D_EDIT>20130830</D_EDIT>
</_x0027_mo_x0020_15>
<_x0027_mo_x0020_15>
<TF_OKATO>26000</TF_OKATO>
<MCOD>060009</MCOD>
<NAM_MOP>Государственное учреждение &quot;Сунженская районная больница №2&quot;</NAM_MOP>
<NAM_MOK>ГУ &quot;СРБ2&quot;</NAM_MOK>
<INN>0603005778</INN>
<OGRN>1030600180346</OGRN>
<KPP>060301001</KPP>
<INDEX_J>386255</INDEX_J>
<ADDR_J>Республика Ингушетия, Сунженский р-н, с. Галашки, ул. Ленина.</ADDR_J>
<OKOPF>70</OKOPF>
<VEDPRI>2</VEDPRI>
<ORG>1</ORG>
<FAM_RUK>Могушкова</FAM_RUK>
<IM_RUK>Лидия</IM_RUK>
<OT_RUK>Алихановна</OT_RUK>
<PHONE>(928)728-44-00</PHONE>
<FAX>не имеет</FAX>
<E_MAIL>gbuzgalashki@yandex.ru</E_MAIL>
<N_DOC>06-01-000040</N_DOC>
<D_START>20080626</D_START>
<DATA_E>20130626</DATA_E>
<MP>1</MP>
<D_BEGIN>2011-10-03T00:00:00</D_BEGIN>
<DUVED>20130823</DUVED>
<D_EDIT>20130830</D_EDIT>
</_x0027_mo_x0020_15>
<_x0027_mo_x0020_15>
<TF_OKATO>26000</TF_OKATO>
<MCOD>060010</MCOD>
<NAM_MOP>Муниципальное учреждение здравоохранения &lt;Кантышевская участковая больница&gt;</NAM_MOP>
<NAM_MOK>МУЗ &quot;КУБ&quot;</NAM_MOK>
<INN>0607000330</INN>
<OGRN>1020601372263</OGRN>
<KPP>060601001</KPP>
<INDEX_J>386120</INDEX_J>
<ADDR_J>Республика Ингушетия, р-н Назрановский, с. Кантышево, ул. Шерипова 20</ADDR_J>
<OKOPF>70</OKOPF>
<VEDPRI>1</VEDPRI>
<ORG>1</ORG>
<FAM_RUK>Угурчиева</FAM_RUK>
<IM_RUK>Хади</IM_RUK>
<OT_RUK>Юсуповна</OT_RUK>
<PHONE>(928)695-04-64</PHONE>
<FAX>не имеет</FAX>
<E_MAIL>zara-kodzoeva@mail.ru</E_MAIL>
<N_DOC>06-01-000037</N_DOC>
<D_START>20080316</D_START>
<DATA_E>20130316</DATA_E>
<MP>1</MP>
<D_BEGIN>2011-10-03T00:00:00</D_BEGIN>
<DUVED>20130827</DUVED>
<D_EDIT>20130830</D_EDIT>
</_x0027_mo_x0020_15>
<_x0027_mo_x0020_15>
<TF_OKATO>26000</TF_OKATO>
<MCOD>060011</MCOD>
<NAM_MOP>Муниципальное учреждение здравоохранения &quot;Ачалукская участковая больница&quot; Малгобекского муниципального района</NAM_MOP>
<NAM_MOK>МУ &quot;АУБ&quot; ММР</NAM_MOK>
<INN>0601011825</INN>
<OGRN>1020600508554</OGRN>
<KPP>060130001</KPP>
<INDEX_J>386337</INDEX_J>
<ADDR_J>Республика Ингушетия, Малгобекский р-н, с. Средние Ачалуки, ул. Больничная, д. 1</ADDR_J>
<OKOPF>70</OKOPF>
<VEDPRI>1</VEDPRI>
<ORG>1</ORG>
<FAM_RUK>Гандалоев</FAM_RUK>
<IM_RUK>Умарбек</IM_RUK>
<OT_RUK>Магомет-Гиреевич</OT_RUK>
<PHONE>(928)798-57-57</PHONE>
<FAX>не имеет</FAX>
<E_MAIL>aub_ri@xodbox.ru</E_MAIL>
<N_DOC>06-01-000015</N_DOC>
<D_START>20070628</D_START>
<DATA_E>20120628</DATA_E>
<MP>1</MP>
<D_BEGIN>2011-10-03T00:00:00</D_BEGIN>
<DUVED>20130824</DUVED>
<D_EDIT>20130830</D_EDIT>
</_x0027_mo_x0020_15>
<_x0027_mo_x0020_15>
<TF_OKATO>26000</TF_OKATO>
<MCOD>060012</MCOD>
<NAM_MOP>Государственное учреждение &quot;Республиканская детская поликлиника&quot;</NAM_MOP>
<NAM_MOK>ГУ &quot;РДП&quot;</NAM_MOK>
<INN>0606007910</INN>
<OGRN>1020600981940</OGRN>
<KPP>060601001</KPP>
<INDEX_J>386101</INDEX_J>
<ADDR_J>Республика Ингушетия, г. Назрань, ул. Осканова, 1</ADDR_J>
<OKOPF>70</OKOPF>
<VEDPRI>2</VEDPRI>
<ORG>1</ORG>
<FAM_RUK>Костоев</FAM_RUK>
<IM_RUK>Якуб</IM_RUK>
<OT_RUK>Мухарбекович</OT_RUK>
<PHONE>(8732) 22-81-72</PHONE>
<FAX>(8732) 22-68-89</FAX>
<E_MAIL>rdp_ri@mail.ru</E_MAIL>
<N_DOC>06-01-000038</N_DOC>
<D_START>20080516</D_START>
<DATA_E>20130516</DATA_E>
<MP>1</MP>
<D_BEGIN>2011-10-03T00:00:00</D_BEGIN>
<DUVED>20130822</DUVED>
<D_EDIT>20130830</D_EDIT>
</_x0027_mo_x0020_15>
<_x0027_mo_x0020_15>
<TF_OKATO>26000</TF_OKATO>
<MCOD>060013</MCOD>
<NAM_MOP>ГУ &quot;Республиканский онкологический диспансер&quot;</NAM_MOP>
<NAM_MOK>ГУ &quot;РОД&quot;</NAM_MOK>
<INN>0606005141</INN>
<OGRN>1020600987516</OGRN>
<KPP>060601001</KPP>
<INDEX_J>386101</INDEX_J>
<ADDR_J>Республика Ингушетия г. Назрань ул. Чеченская 5</ADDR_J>
<OKOPF>70</OKOPF>
<VEDPRI>2</VEDPRI>
<ORG>1</ORG>
<FAM_RUK>Ведзижев</FAM_RUK>
<IM_RUK>Тагир</IM_RUK>
<OT_RUK>Асхабович</OT_RUK>
<PHONE>(8732) 22-78-17</PHONE>
<FAX>(8732) 22-51-26</FAX>
<E_MAIL>rodri10@mail.ru</E_MAIL>
<N_DOC>06-01-000022</N_DOC>
<D_START>11.06.2007</D_START>
<DATA_E>11.06.2012</DATA_E>
<MP>1</MP>
<D_BEGIN>2011-10-03T00:00:00</D_BEGIN>
<DUVED>20130825</DUVED>
<D_EDIT>20130830</D_EDIT>
</_x0027_mo_x0020_15>
<_x0027_mo_x0020_15>
<TF_OKATO>26000</TF_OKATO>
<MCOD>060014</MCOD>
<NAM_MOP>ГУ &lt;Джейрахская районная врачебная амбулатория&gt;</NAM_MOP>
<NAM_MOK>ГУ &quot;ДРВА&quot;</NAM_MOK>
<INN>0602000801</INN>
<OGRN>1030600380150</OGRN>
<KPP>060401001</KPP>
<INDEX_J>386430</INDEX_J>
<ADDR_J>Республика Ингушетия, с. Джейрах ул. Льянова 38</ADDR_J>
<OKOPF>70</OKOPF>
<VEDPRI>2</VEDPRI>
<ORG>1</ORG>
<FAM_RUK>Цурова</FAM_RUK>
<IM_RUK>Марина</IM_RUK>
<OT_RUK>Жамалдиновна</OT_RUK>
<PHONE>(8732) 33-10-03</PHONE>
<FAX>(8732) 33-10-03</FAX>
<E_MAIL>не имеет</E_MAIL>
<N_DOC>06-01-000035</N_DOC>
<D_START>20080221</D_START>
<DATA_E>20130221</DATA_E>
<MP>1</MP>
<D_BEGIN>2011-10-03T00:00:00</D_BEGIN>
<DUVED>20130829</DUVED>
<D_EDIT>20130830</D_EDIT>
</_x0027_mo_x0020_15>
<_x0027_mo_x0020_15>
<TF_OKATO>26000</TF_OKATO>
<MCOD>060015</MCOD>
<NAM_MOP>Федеральное государственное учреждение здравоохранения &lt;Медико-санитарная часть МВД по Республике Ингушетия&gt;</NAM_MOP>
<NAM_MOK>ФГУ &quot;МСЧ МВД по РИ&quot;</NAM_MOK>
<INN>0603280703</INN>
<OGRN>1060603001271</OGRN>
<KPP>060301001</KPP>
<INDEX_J>386231</INDEX_J>
<ADDR_J>Республика Ингушетия  г. Карабулак ул. Фрунзе 10</ADDR_J>
<OKOPF>70</OKOPF>
<VEDPRI>6</VEDPRI>
<ORG>1</ORG>
<FAM_RUK>Кодзоев</FAM_RUK>
<IM_RUK>Магомет</IM_RUK>
<OT_RUK>Хож-Ахмедович</OT_RUK>
<PHONE>(8734) 44-47-51</PHONE>
<FAX>(8734) 44-47-51</FAX>
<E_MAIL>msg.mvd.ri@mail.ru</E_MAIL>
<N_DOC>99-01-005093</N_DOC>
<D_START>20080122</D_START>
<DATA_E>20110914</DATA_E>
<MP>1</MP>
<D_BEGIN>2011-10-03T00:00:00</D_BEGIN>
<DUVED>20130824</DUVED>
<D_EDIT>20130830</D_EDIT>
</_x0027_mo_x0020_15>
<_x0027_mo_x0020_15>
<TF_OKATO>26000</TF_OKATO>
<MCOD>060016</MCOD>
<NAM_MOP>ГКУЗ &quot;Республиканская станция скорой медицинской помощи&quot;</NAM_MOP>
<NAM_MOK>ГКУЗ &quot;РССМП&quot;</NAM_MOK>
<INN>0602002157</INN>
<OGRN>1020600984612</OGRN>
<KPP>060601001</KPP>
<INDEX_J>386140</INDEX_J>
<ADDR_J>Республика Ингушетия г. Назрань, МО Насыр-Корттский, территория, ул. Бакинская 7а</ADDR_J>
<OKOPF>72</OKOPF>
<VEDPRI>3</VEDPRI>
<ORG>1</ORG>
<FAM_RUK>Оздоев</FAM_RUK>
<IM_RUK>Адам</IM_RUK>
<OT_RUK>Баширович</OT_RUK>
<PHONE>(8732)22-24-06</PHONE>
<FAX>(8732)22-24-10</FAX>
<E_MAIL>03ri@mail.ru</E_MAIL>
<N_DOC>06-01-000062</N_DOC>
<D_START>01.11.2013</D_START>
<DATA_E>01.11.2222</DATA_E>
<MP>2</MP>
<D_BEGIN>2013-01-01T00:00:00</D_BEGIN>
<DUVED>20130828</DUVED>
<D_EDIT>20130830</D_EDIT>
</_x0027_mo_x0020_15>
<_x0027_mo_x0020_15>
<TF_OKATO>26000</TF_OKATO>
<MCOD>060017</MCOD>
<NAM_MOP>ГКУЗ &quot;Малгобекская районная станция скорой медицинской помощи&quot;</NAM_MOP>
<NAM_MOK>ГКУЗ &quot;МРССМП&quot;</NAM_MOK>
<INN>0601017249</INN>
<OGRN>1020600508224</OGRN>
<KPP>060101001</KPP>
<INDEX_J>386300</INDEX_J>
<ADDR_J>Республика Ингушетия, г. Малгобек. ул. Нурадилова, 66</ADDR_J>
<OKOPF>72</OKOPF>
<VEDPRI>3</VEDPRI>
<ORG>1</ORG>
<FAM_RUK>Долтмурзиев</FAM_RUK>
<IM_RUK>Алихан</IM_RUK>
<OT_RUK>Султанович</OT_RUK>
<PHONE>(8928)790-38-69</PHONE>
<FAX>(8732)62-45-53</FAX>
<E_MAIL>mumssmp@yandex.ru</E_MAIL>
<N_DOC>06-01-000041</N_DOC>
<D_START>20110916</D_START>
<DATA_E>22220916</DATA_E>
<MP>2</MP>
<D_BEGIN>2013-01-01T00:00:00</D_BEGIN>
<DUVED>20130829</DUVED>
<D_EDIT>20130830</D_EDIT>
</_x0027_mo_x0020_15>
<_x0027_mo_x0020_15>
<TF_OKATO>26000</TF_OKATO>
<MCOD>060018</MCOD>
<NAM_MOP>ГКУЗ &quot;Сунженская станция скорой медицинской помощи&quot;</NAM_MOP>
<NAM_MOK>ГКУЗ &quot;СССМП&quot;</NAM_MOK>
<INN>0603282690</INN>
<OGRN>1080603000081</OGRN>
<KPP>060301001</KPP>
<INDEX_J>386200</INDEX_J>
<ADDR_J>Республика Ингушетия, с.п. Орджоникидзевское, ул. Висаитова, 69</ADDR_J>
<OKOPF>72</OKOPF>
<VEDPRI>3</VEDPRI>
<ORG>1</ORG>
<FAM_RUK>Кокурхаева</FAM_RUK>
<IM_RUK>Фатима</IM_RUK>
<OT_RUK>Якубовна</OT_RUK>
<PHONE>(8928)793-38-19</PHONE>
<FAX>(8732)72-20-70</FAX>
<E_MAIL>sssmp03@yandex.ru</E_MAIL>
<N_DOC>06-01-000045</N_DOC>
<D_START>20081224</D_START>
<DATA_E>20131224</DATA_E>
<MP>2</MP>
<D_BEGIN>2013-01-01T00:00:00</D_BEGIN>
<DUVED>20130828</DUVED>
<D_EDIT>20130830</D_EDIT>
</_x0027_mo_x0020_15>
<_x0027_mo_x0020_15>
<TF_OKATO>26000</TF_OKATO>
<MCOD>060019</MCOD>
<NAM_MOP>ООО &quot;Лаборатория здоровья семьи&quot;</NAM_MOP>
<NAM_MOK>ООО &quot;ЛЗС&quot;</NAM_MOK>
<INN>0608018795</INN>
<OGRN>1120608000260</OGRN>
<KPP>060801001</KPP>
<INDEX_J>386102</INDEX_J>
<ADDR_J>Республика Ингушетия, г. Назрань, ул. Московская, 35</ADDR_J>
<OKOPF>65</OKOPF>
<VEDPRI>15</VEDPRI>
<ORG>1</ORG>
<FAM_RUK>Муцольгова</FAM_RUK>
<IM_RUK>Эльвира</IM_RUK>
<OT_RUK>Абуевна</OT_RUK>
<PHONE>(8928)920-09-37</PHONE>
<FAX>не имеет</FAX>
<E_MAIL>не имеет</E_MAIL>
<N_DOC>06-01-000054</N_DOC>
<D_START>20120726</D_START>
<DATA_E>22220726</DATA_E>
<MP>1</MP>
<D_BEGIN>2013-01-01T00:00:00</D_BEGIN>
<DUVED>20130823</DUVED>
<D_EDIT>20130830</D_EDIT>
</_x0027_mo_x0020_15>
<_x0027_mo_x0020_15>
<TF_OKATO>26000</TF_OKATO>
<MCOD>060020</MCOD>
<NAM_MOP>Государственное бюджетное учереждение  &quot;Республиканская стоматологическая поликлиника&quot; им. М-Б.О. Мальсагова</NAM_MOP>
<NAM_MOK>ГБУ &quot;РСП&quot; им. М-Б.О. Мальсагова</NAM_MOK>
<INN>0602013487</INN>
<OGRN>1020600985008</OGRN>
<KPP>060601001</KPP>
<INDEX_J>386100</INDEX_J>
<ADDR_J>Республика Ингушетия, г. Магас, пр. И.Зязикова, 33</ADDR_J>
<OKOPF>72</OKOPF>
<VEDPRI>2</VEDPRI>
<ORG>1</ORG>
<FAM_RUK>Мальсагов</FAM_RUK>
<IM_RUK>Абубакар</IM_RUK>
<OT_RUK>Магомет-Баширович</OT_RUK>
<PHONE>(8734)55-18-15</PHONE>
<FAX>(8734)55-04-53</FAX>
<E_MAIL>Tita-stom@mail.ue</E_MAIL>
<N_DOC>06-01-000069</N_DOC>
<D_START>20130327</D_START>
<DATA_E>22220327</DATA_E>
<MP>1</MP>
<D_BEGIN>2014-01-01T00:00:00</D_BEGIN>
<DUVED>20130821</DUVED>
<D_EDIT>20130830</D_EDIT>
</_x0027_mo_x0020_15>
<_x0027_mo_x0020_15>
<TF_OKATO>26000</TF_OKATO>
<MCOD>060021</MCOD>
<NAM_MOP>Государственное бюджетное учереждение  &quot;Республиканский кожно-венерологический диспансер&quot;</NAM_MOP>
<NAM_MOK>ГБУ &quot;РКВД&quot;</NAM_MOK>
<INN>0602001940</INN>
<OGRN>1020600988011</OGRN>
<KPP>060601001</KPP>
<INDEX_J>386101</INDEX_J>
<ADDR_J>Республика Ингушетия, г. Назрань, ул. Гейрбек-Хаджи, 13</ADDR_J>
<OKOPF>72</OKOPF>
<VEDPRI>2</VEDPRI>
<ORG>1</ORG>
<FAM_RUK>Зязиков</FAM_RUK>
<IM_RUK>Хусейн</IM_RUK>
<OT_RUK>Ибрагимович</OT_RUK>
<PHONE>(8928)090-03-80</PHONE>
<FAX>(8732)22-26-00</FAX>
<E_MAIL>kvd.ing@mail.ru</E_MAIL>
<N_DOC>06-01-000063</N_DOC>
<D_START>20121214</D_START>
<DATA_E>22221214</DATA_E>
<MP>1</MP>
<D_BEGIN>2014-01-01T00:00:00</D_BEGIN>
<DUVED>20130821</DUVED>
<D_EDIT>20130830</D_EDIT>
</_x0027_mo_x0020_15>
<_x0027_mo_x0020_15>
<TF_OKATO>26000</TF_OKATO>
<MCOD>060023</MCOD>
<NAM_MOP>Федеральное государственное бюджетное учреждение &quot;Северо-Кавказский многопрофильный медецинский центр&quot; Министерства здравоохранения Российской Федерации (г. Беслан)</NAM_MOP>
<NAM_MOK>ФГБУ &quot;Северо-Кавказский многопрофильный медецинский центр&quot; Минздрава России (г. Беслан)</NAM_MOK>
<INN>1511017599</INN>
<OGRN>1081511000581</OGRN>
<KPP>151101001</KPP>
<INDEX_J>363000</INDEX_J>
<ADDR_J>г. Беслан, ул. Фриева, 139а</ADDR_J>
<OKOPF>72</OKOPF>
<VEDPRI>11</VEDPRI>
<ORG>1</ORG>
<FAM_RUK>Реутов</FAM_RUK>
<IM_RUK>Александр</IM_RUK>
<OT_RUK>Викторович</OT_RUK>
<PHONE>(88673)73-65-51</PHONE>
<FAX>(88673)73-65-52</FAX>
<E_MAIL>skmmc@mail.ru</E_MAIL>
<N_DOC>15-01-000123</N_DOC>
<D_START>07.10.2013</D_START>
<DATA_E>07.10.2222</DATA_E>
<MP>1</MP>
<D_BEGIN>2014-01-01T00:00:00</D_BEGIN>
<DUVED>20130821</DUVED>
<D_EDIT>20130830</D_EDIT>
</_x0027_mo_x0020_15>
<_x0027_mo_x0020_15>
<TF_OKATO>26000</TF_OKATO>
<MCOD>060024</MCOD>
<NAM_MOP>Государственное бюджетное образователдьное учреждение высшего профессионального образования &quot;Северо-Западный государственный медицинский университет имени И.И.Мечникова&quot; Министерства здравоохранения Российской Федерации&quot;</NAM_MOP>
<NAM_MOK>ГБОУ ВПО СЗГМУ им. И.И.Мечникова минздрава России</NAM_MOK>
<INN>7842461679</INN>
<OGRN>1117847434990</OGRN>
<KPP>784201001</KPP>
<INDEX_J>191015</INDEX_J>
<ADDR_J>г. Санкт-Петербург, ул. Кирочная, 41</ADDR_J>
<OKOPF>72</OKOPF>
<VEDPRI>2</VEDPRI>
<ORG>1</ORG>
<FAM_RUK>Хурцилава</FAM_RUK>
<IM_RUK>Отари</IM_RUK>
<OT_RUK>Гивиевич</OT_RUK>
<PHONE>(88123)03-50-01</PHONE>
<FAX>(88123)03-50-35</FAX>
<E_MAIL>rectorat@spbmapo.ru</E_MAIL>
<N_DOC>78-01-002777</N_DOC>
<D_START>20130124</D_START>
<DATA_E>22220124</DATA_E>
<MP>1</MP>
<D_BEGIN>2014-01-01T00:00:00</D_BEGIN>
<DUVED>20130821</DUVED>
<D_EDIT>20130830</D_EDIT>
</_x0027_mo_x0020_15>
<_x0027_mo_x0020_15>
<TF_OKATO>26000</TF_OKATO>
<MCOD>060025</MCOD>
<NAM_MOP>Федеральное государственное бюджетное учреждение &quot;Федеральный Центр сердца крови и эндокринологии имени В.А. Алмазова&quot; Министерства здравоохранения Российской Федерации</NAM_MOP>
<NAM_MOK>ФГБУ &quot;ФЦСКЭ&quot; им. В.А. Алмазова минздрава России</NAM_MOK>
<INN>7802030429</INN>
<OGRN>1037804031011</OGRN>
<KPP>781401001</KPP>
<INDEX_J>197341</INDEX_J>
<ADDR_J>г. Санкт-Петербург, ул. Аккуратова, 2, лит. А</ADDR_J>
<OKOPF>72</OKOPF>
<VEDPRI>11</VEDPRI>
<ORG>1</ORG>
<FAM_RUK>Шляхто</FAM_RUK>
<IM_RUK>Евгений</IM_RUK>
<OT_RUK>Владимирович</OT_RUK>
<PHONE>(812)702-37-00</PHONE>
<FAX>(88127)02-37-01</FAX>
<E_MAIL>shlyakhto@almazovcentre.ru</E_MAIL>
<N_DOC>78-01-002738</N_DOC>
<D_START>12.06.2012</D_START>
<DATA_E>12.06.2222</DATA_E>
<MP>1</MP>
<D_BEGIN>2014-01-01T00:00:00</D_BEGIN>
<DUVED>20130821</DUVED>
<D_EDIT>20130830</D_EDIT>
</_x0027_mo_x0020_15>
<_x0027_mo_x0020_15>
<TF_OKATO>26000</TF_OKATO>
<MCOD>060026</MCOD>
<NAM_MOP>Общество с ограниченной ответственностью &quot;Здоровое поколение&quot;</NAM_MOP>
<NAM_MOK>ООО &quot;Здоровое поколение&quot;</NAM_MOK>
<INN>0608004658</INN>
<OGRN>1060608013542</OGRN>
<KPP>060801001</KPP>
<INDEX_J>386102</INDEX_J>
<ADDR_J>г. Назрань, ул. Московская, 1.</ADDR_J>
<OKOPF>65</OKOPF>
<VEDPRI>15</VEDPRI>
<FAM_RUK>Героева</FAM_RUK>
<IM_RUK>Фатима</IM_RUK>
<OT_RUK>Исаковна</OT_RUK>
<PHONE>(8732)22-80-18</PHONE>
<FAX>(8732)22-80-18</FAX>
<E_MAIL>zdorovoe06pokolenie@yandex.ru</E_MAIL>
<N_DOC>06-01-000025</N_DOC>
<D_START>20071217</D_START>
<DATA_E>22221217</DATA_E>
</_x0027_mo_x0020_15>
<_x0027_mo_x0020_15>
<TF_OKATO>26000</TF_OKATO>
<MCOD>060027</MCOD>
<NAM_MOP>Общество с ограниченной ответственностью &quot;Медицинский центр &quot;Медиум&quot;</NAM_MOP>
<NAM_MOK>ООО &quot;Медицинский центр &quot;Медиум&quot;</NAM_MOK>
<INN>0608012320</INN>
<OGRN>1090608000944</OGRN>
<KPP>060801001</KPP>
<INDEX_J>386150</INDEX_J>
<ADDR_J>Республика Ингушетия, р-н Назрановский, с. Экажево, ул. Джабагиева, 1А</ADDR_J>
<OKOPF>65</OKOPF>
<VEDPRI>15</VEDPRI>
<ORG>1</ORG>
<FAM_RUK>Балаева</FAM_RUK>
<IM_RUK>Мадинат</IM_RUK>
<OT_RUK>Даудовна</OT_RUK>
<PHONE>(8732)22-91-33</PHONE>
<FAX>не имеет</FAX>
<E_MAIL>getana@mail.ru</E_MAIL>
<N_DOC>06-01-000020</N_DOC>
<D_START>20090730</D_START>
<DATA_E>20140730</DATA_E>
<MP>1</MP>
<DUVED>12.09.2013</DUVED>
<D_EDIT>01.09.2014</D_EDIT>
</_x0027_mo_x0020_15>
<_x0027_mo_x0020_15>
<TF_OKATO>26000</TF_OKATO>
<MCOD>060028</MCOD>
<NAM_MOP>Общество с ограниченной ответственностью &quot;Гиппократ&quot;</NAM_MOP>
<NAM_MOK>ООО  &quot;Гиппократ&quot;</NAM_MOK>
<INN>0608015836</INN>
<OGRN>1100608001450</OGRN>
<KPP>060801001</KPP>
<INDEX_J>386101</INDEX_J>
<ADDR_J>г. Назрань, ул. Чеченская 1</ADDR_J>
<VEDPRI>15</VEDPRI>
<ORG>1</ORG>
<FAM_RUK>Маматиева</FAM_RUK>
<IM_RUK>Залина</IM_RUK>
<OT_RUK>Мусаевна</OT_RUK>
<PHONE>(928)733-70-17</PHONE>
<FAX>не имеет</FAX>
<E_MAIL>не имеет</E_MAIL>
<N_DOC>06-01-000058</N_DOC>
<D_START>20121017</D_START>
<DATA_E>22221017</DATA_E>
<MP>1</MP>
<D_EDIT>01.09.2014</D_EDIT>
</_x0027_mo_x0020_15>
<_x0027_mo_x0020_15>
<TF_OKATO>26000</TF_OKATO>
<MCOD>060029</MCOD>
<NAM_MOP>Федеральное государственное бюджетное учереждение &quot;Российский научный центр рентгеналогии&quot;</NAM_MOP>
<NAM_MOK>ФГБУ &quot;Российский научный центр рентгеналогии&quot;</NAM_MOK>
<INN>7728065856</INN>
<OGRN>1037739664929</OGRN>
<KPP>772801001</KPP>
<INDEX_J>117997</INDEX_J>
<ADDR_J>г. Москва, ул. Профсоюзная, д. 86</ADDR_J>
<OKOPF>72</OKOPF>
<VEDPRI>3</VEDPRI>
<ORG>1</ORG>
<FAM_RUK>Солодкий</FAM_RUK>
<IM_RUK>Владимир</IM_RUK>
<OT_RUK>Алексеевич</OT_RUK>
<PHONE>(495)333-91-71</PHONE>
<FAX>(495)334-79-24</FAX>
<E_MAIL>director@rncrr.ru</E_MAIL>
<N_DOC>99-01-008158</N_DOC>
<D_START>11.08.2012</D_START>
<DATA_E>11.08.2222</DATA_E>
<MP>1</MP>
<DUVED>20131128</DUVED>
<D_EDIT>01.09.2014</D_EDIT>
</_x0027_mo_x0020_15>
<_x0027_mo_x0020_15>
<TF_OKATO>26000</TF_OKATO>
<MCOD>060030</MCOD>
<NAM_MOP>Федеральное государственное бюджетное учереждение здравоохранения &quot;Южный окружной медицинский центр  Федерального медико-биологического агенства&quot;</NAM_MOP>
<NAM_MOK>ФГБУЗ ЮОМЦ ФМБА РОССИИ</NAM_MOK>
<INN>6167063344</INN>
<OGRN>1026104148157</OGRN>
<KPP>616701001</KPP>
<INDEX_J>344019</INDEX_J>
<ADDR_J>г. Ростов-на-дону, Пролетарский р-он, ул. 1-я линия, 6</ADDR_J>
<OKOPF>72</OKOPF>
<VEDPRI>10</VEDPRI>
<ORG>2</ORG>
<FAM_RUK>Криштопин</FAM_RUK>
<IM_RUK>Виталий</IM_RUK>
<OT_RUK>Степанович</OT_RUK>
<PHONE>(863) 254-04-11</PHONE>
<FAX>(863) 237-47-12</FAX>
<E_MAIL>uomc_fmba@umedcentr.ru</E_MAIL>
<N_DOC>61-01-001815</N_DOC>
<D_START>20111223</D_START>
<DATA_E>22221223</DATA_E>
<MP>2-6</MP>
<DUVED>20131219</DUVED>
<D_EDIT>20140116</D_EDIT>
</_x0027_mo_x0020_15>
<_x0027_mo_x0020_15>
<TF_OKATO>26000</TF_OKATO>
<MCOD>060031</MCOD>
<NAM_MOP>Клиническая больница №2 Федеральное государственное бюджетное учереждение здравоохранения &quot;Южный окружной медицинский центр  Федерального медико-биологического агенства&quot;</NAM_MOP>
<NAM_MOK>КБ №2 ФГБУЗ ЮОМЦ ФМБА РОССИИ</NAM_MOK>
<INN>6167063344</INN>
<OGRN>1026104148157</OGRN>
<KPP>301502001</KPP>
<INDEX_J>414000</INDEX_J>
<ADDR_J>г.Астрахань, р-он Кировский,  ул. Ан. Сергеева/М. Горького, 13/14</ADDR_J>
<OKOPF>72</OKOPF>
<VEDPRI>10</VEDPRI>
<ORG>2</ORG>
<FAM_RUK>Заикин</FAM_RUK>
<IM_RUK>Дмитрий</IM_RUK>
<OT_RUK>Вячеславович</OT_RUK>
<PHONE>(8512)51-17-61</PHONE>
<FAX>(8512)51-17-61</FAX>
<E_MAIL>kb_2@umedcentr.ru</E_MAIL>
<N_DOC>30-01-001035</N_DOC>
<D_START>08.09.2013</D_START>
<DATA_E>08.09.2222</DATA_E>
<MP>2.3</MP>
<DUVED>20131219</DUVED>
<D_EDIT>20140116</D_EDIT>
</_x0027_mo_x0020_15>
<_x0027_mo_x0020_15>
<TF_OKATO>26000</TF_OKATO>
<MCOD>060032</MCOD>
<NAM_MOP>Федеральное государственное бюджетное учереждение здравоохранения &quot;Сибирский клинический центр Федерального- медико биологического агенства&quot;</NAM_MOP>
<NAM_MOK>ФГБУЗ СКЦ ФМБА РОССИИ</NAM_MOK>
<INN>2462003962</INN>
<OGRN>1022402058370</OGRN>
<KPP>246201001</KPP>
<INDEX_J>660037</INDEX_J>
<ADDR_J>г. Красноярск, ул. Коломенская, д.26</ADDR_J>
<OKOPF>72</OKOPF>
<VEDPRI>10</VEDPRI>
<ORG>2</ORG>
<FAM_RUK>Баранкин</FAM_RUK>
<IM_RUK>Борис</IM_RUK>
<OT_RUK>Владимирович</OT_RUK>
<PHONE>(391)262-40-67</PHONE>
<FAX>(391)262-40-28</FAX>
<E_MAIL>skc@fmbamail.ru</E_MAIL>
<N_DOC>24-01-001280</N_DOC>
<D_START>20130930</D_START>
<DATA_E>22220930</DATA_E>
<MP>5.6</MP>
<DUVED>20131125</DUVED>
<D_EDIT>20140116</D_EDIT>
</_x0027_mo_x0020_15>
<_x0027_mo_x0020_15>
<TF_OKATO>26000</TF_OKATO>
<MCOD>060033</MCOD>
<NAM_MOP>Общество с ограниченной ответственностью &quot;ЛУЧ&quot;</NAM_MOP>
<NAM_MOK>ООО &quot;ЛУЧ&quot;</NAM_MOK>
<INN>060801001</INN>
<OGRN>1130608000500</OGRN>
<KPP>060801001</KPP>
<INDEX_J>386101</INDEX_J>
<ADDR_J>РИ г. НАзрань, м/о Центральный, ул. Ахриева, д.20</ADDR_J>
<OKOPF>65</OKOPF>
<VEDPRI>15</VEDPRI>
<ORG>1</ORG>
<FAM_RUK>Сагов</FAM_RUK>
<IM_RUK>Ахмед</IM_RUK>
<OT_RUK>Ахмед-Хасанович</OT_RUK>
<PHONE>(960)4338787</PHONE>
<FAX>(8732) 22-55-75</FAX>
<E_MAIL>luch-luch@list.ru</E_MAIL>
<N_DOC>01-000080</N_DOC>
<D_START>20130913</D_START>
<DATA_E>22220913</DATA_E>
<MP>4.5</MP>
<DUVED>20131219</DUVED>
<D_EDIT>20140116</D_EDIT>
</_x0027_mo_x0020_15>
<_x0027_mo_x0020_15>
<TF_OKATO>26000</TF_OKATO>
<MCOD>060034</MCOD>
<NAM_MOP>Федеральное государственное бюджетное учереждение здравоохранения &quot;Российский научный центр &quot;Востановительная травматология и ортопедия&quot; им. академика Г.А Илизарова&quot; Минздрав РФ</NAM_MOP>
<NAM_MOK>ФГБУ &quot;РНЦ &quot;ВТО&quot; им. акад. Г,А. Илизарова&quot; Минздрава РФ</NAM_MOK>
<INN>4501022210</INN>
<OGRN>1024500526885</OGRN>
<KPP>450101001</KPP>
<INDEX_J>640014</INDEX_J>
<ADDR_J>г. Курган, ул. М. Ульянова, 6</ADDR_J>
<OKOPF>72</OKOPF>
<VEDPRI>3</VEDPRI>
<ORG>1</ORG>
<FAM_RUK>Губин</FAM_RUK>
<IM_RUK>Александ</IM_RUK>
<OT_RUK>Владимирович</OT_RUK>
<PHONE>(3522) 45-47-47</PHONE>
<FAX>(3522) 45-47-47</FAX>
<E_MAIL>office@ilizarov.ru</E_MAIL>
<N_DOC>45-01-000701</N_DOC>
<D_START>12.11.2012</D_START>
<DATA_E>12.11.2012</DATA_E>
<MP>2.3</MP>
<DUVED>20131220</DUVED>
<D_EDIT>20140116</D_EDIT>
</_x0027_mo_x0020_15>
<_x0027_mo_x0020_15>
<TF_OKATO>26000</TF_OKATO>
<MCOD>060035</MCOD>
<NAM_MOP>Федеральное государственное бюджетное учереждение здравоохранения &quot;Центральная детская клиническая больница  Федерального медико-биологического агенства&quot;</NAM_MOP>
<NAM_MOK>ФГБУЗ ЦДКБ ФМБА РОССИИ</NAM_MOK>
<INN>7724092464</INN>
<OGRN>1037739486950</OGRN>
<KPP>772401001</KPP>
<INDEX_J>115409</INDEX_J>
<ADDR_J>г. Москва, ул. Москворечье, д.20</ADDR_J>
<OKOPF>72</OKOPF>
<VEDPRI>10</VEDPRI>
<ORG>2</ORG>
<FAM_RUK>Тараканова</FAM_RUK>
<IM_RUK>Светлана</IM_RUK>
<OT_RUK>Юрьевна</OT_RUK>
<PHONE>(499)324-43-00</PHONE>
<FAX>не имеет</FAX>
<E_MAIL>cdkb-fmba@mail.ru</E_MAIL>
<N_DOC>99-01-008104</N_DOC>
<D_START>20120827</D_START>
<DATA_E>22220827</DATA_E>
<MP>1.3.5</MP>
<DUVED>20131220</DUVED>
<D_EDIT>20140116</D_EDIT>
</_x0027_mo_x0020_15>
<_x0027_mo_x0020_15>
<TF_OKATO>26000</TF_OKATO>
<MCOD>060036</MCOD>
<NAM_MOP>Государственное бюджетное образовательное учереждение высшего профессианального образования &quot;Северо-Осетинская государственная медицинская академия&quot; Минздрав РФ</NAM_MOP>
<NAM_MOK>ГБОУ ВПО СОГМА Минздрава России</NAM_MOK>
<INN>1501003195</INN>
<OGRN>1021500581024</OGRN>
<KPP>151501001</KPP>
<INDEX_J>362019</INDEX_J>
<ADDR_J>г. Владикавказ, ул. Куйбышева/Пушкинская/Декабристов/Горького, д. 84/40/39/83, ул. Титова, д.11; ул. Кирова/Рамонова, д. 66/17</ADDR_J>
<OKOPF>72</OKOPF>
<VEDPRI>3</VEDPRI>
<ORG>1</ORG>
<FAM_RUK>Гатагонова</FAM_RUK>
<IM_RUK>Тамара</IM_RUK>
<OT_RUK>Магометовна</OT_RUK>
<PHONE>(8672)530397</PHONE>
<FAX>(8672)530397</FAX>
<E_MAIL>sogma.rso@gmail.com</E_MAIL>
<N_DOC>15-01-000127</N_DOC>
<D_START>20130517</D_START>
<DATA_E>22220517</DATA_E>
<MP>2-6</MP>
<DUVED>20131220</DUVED>
<D_EDIT>20140116</D_EDIT>
</_x0027_mo_x0020_15>
<_x0027_mo_x0020_15>
<TF_OKATO>26000</TF_OKATO>
<MCOD>060037</MCOD>
<NAM_MOP>Государственное бюджетное образовательное учереждение высшего профессианального образования &quot;Самарский государственный медицинский университет&quot; Минздрав РФ</NAM_MOP>
<NAM_MOK>ГБОУ ВПО СамГМУ Минздрава России</NAM_MOK>
<INN>6317002858</INN>
<OGRN>1026301426348</OGRN>
<KPP>631701001</KPP>
<INDEX_J>443099</INDEX_J>
<ADDR_J>г. Самара, ул. Чапаевская, д. 89</ADDR_J>
<OKOPF>72</OKOPF>
<VEDPRI>3</VEDPRI>
<ORG>1</ORG>
<FAM_RUK>Котельников</FAM_RUK>
<IM_RUK>Генадий</IM_RUK>
<OT_RUK>Петрович</OT_RUK>
<PHONE>(846)332-82-08</PHONE>
<FAX>(846)241-92-85</FAX>
<E_MAIL>не имеет</E_MAIL>
<N_DOC>63-01-001472</N_DOC>
<D_START>20130816</D_START>
<DATA_E>22220816</DATA_E>
<MP>2-6</MP>
<DUVED>20131128</DUVED>
<D_EDIT>20140116</D_EDIT>
</_x0027_mo_x0020_15>
<_x0027_mo_x0020_15>
<TF_OKATO>26000</TF_OKATO>
<MCOD>060038</MCOD>
<NAM_MOP>&quot;Новороссийская больница Федеральное государственное бюджетное учереждение здравоохранения &quot;Южный окружной медицинский центр  Федерального медико-биологического агенства&quot;</NAM_MOP>
<NAM_MOK>НБ ФГБУЗ ЮОМЦ ФМБА РОССИИ</NAM_MOK>
<INN>6167063344</INN>
<KPP>231543001</KPP>
<INDEX_J>353901</INDEX_J>
<ADDR_J>г. Новороссийск, ул. Сакко и Ванцетти ,д. 26</ADDR_J>
<OKOPF>72</OKOPF>
<VEDPRI>10</VEDPRI>
<ORG>2</ORG>
<FAM_RUK>Чугунова</FAM_RUK>
<IM_RUK>Нина</IM_RUK>
<OT_RUK>Александровна</OT_RUK>
<PHONE>(8617)60-49-43</PHONE>
<FAX>(8617)60-49-43</FAX>
<E_MAIL>nb@umedcentr.ru</E_MAIL>
<N_DOC>23-01-004468</N_DOC>
<D_START>12.05.2012</D_START>
<DATA_E>12.05.2222</DATA_E>
<MP>1-6</MP>
<D_BEGIN>2014-12-02T00:00:00</D_BEGIN>
<D_EDIT>02.12.2014</D_EDIT>
</_x0027_mo_x0020_15>
<_x0027_mo_x0020_15>
<TF_OKATO>26000</TF_OKATO>
<MCOD>060039</MCOD>
<NAM_MOP>Государственное бюджетное учреждение здравоохранения &quot;Джейрахская районная больница&quot;</NAM_MOP>
<NAM_MOK>ГБУЗ &quot;ДРБ&quot;</NAM_MOK>
<INN>0608025778</INN>
<OGRN>1140608000026</OGRN>
<KPP>060801001</KPP>
<INDEX_J>386435</INDEX_J>
<ADDR_J>Республика Ингушетия,  Джейрахский муниципальный  район,  с.п. Ольгетти,   ул. Путина б\н</ADDR_J>
<OKOPF>72</OKOPF>
<VEDPRI>3</VEDPRI>
<ORG>1</ORG>
<FAM_RUK>Паров</FAM_RUK>
<IM_RUK>Башир</IM_RUK>
<OT_RUK>Даудович</OT_RUK>
<PHONE>(962)6410506</PHONE>
<E_MAIL>olgeti@mail.ru</E_MAIL>
<N_DOC>06-01-00009</N_DOC>
<D_START>20140122</D_START>
<DATA_E>22220122</DATA_E>
<MP>1-5</MP>
<D_BEGIN>2014-07-02T00:00:00</D_BEGIN>
<D_EDIT>02.12.2014</D_EDIT>
</_x0027_mo_x0020_15>
</dataroot>
