<?xml version="1.0" encoding="UTF-8"?>
<dataroot xmlns:od="urn:schemas-microsoft-com:officedata" xmlns:xsi="http://www.w3.org/2001/XMLSchema-instance"  xsi:noNamespaceSchemaLocation="E06140201.xsd" generated="2014-02-20T17:50:52">
<E06140201>
<TF_OKATO>26000</TF_OKATO>
<N_EXPERT>0600004</N_EXPERT>
<ORGAN_COD>5</ORGAN_COD>
<NAME_KAT>Первая</NAME_KAT>
<NAME_STEP>Кандидат медицинских наук</NAME_STEP>
<FAM>Долаков</FAM>
<IM>Ибрагим</IM>
<OT>Гапурович</OT>
<SNILS>124-773-498 79</SNILS>
<PHONE1>(8732) 22-16-47</PHONE1>
<PHONE2>(962) 640-03-25</PHONE2>
<E_MAIL>i_dolakov@mail.ru</E_MAIL>
<SPEC_NAMES>Хирургия</SPEC_NAMES>
<DATE_K>20140514</DATE_K>
<ORGAN_NAME>Государственное учреждение здравоохранения &quot;Ингушская республиканская клиническая больница&quot;</ORGAN_NAME>
<DOLGNOST>хирург</DOLGNOST>
<STAZH>12</STAZH>
<DATE_B>20110526</DATE_B>
<DATE_RED>20110526</DATE_RED>
</E06140201>
<E06140201>
<TF_OKATO>26000</TF_OKATO>
<N_EXPERT>0600006</N_EXPERT>
<ORGAN_COD>5</ORGAN_COD>
<NAME_KAT>Высшая</NAME_KAT>
<FAM>Кодзоев</FAM>
<IM>Магомед</IM>
<OT>Хош-Ахмедович</OT>
<SNILS>074-078-128 65</SNILS>
<PHONE1>(918) 813-18-64</PHONE1>
<PHONE2>(928)096-86-64</PHONE2>
<E_MAIL>irkb6406@mail.ru</E_MAIL>
<SPEC_NAMES>Нейрохирургия</SPEC_NAMES>
<DATE_K>20131115</DATE_K>
<ORGAN_NAME>Государственное учреждение здравоохранения &quot;Ингушская республиканская клиническая больница&quot;</ORGAN_NAME>
<DOLGNOST>главный хирург министерства здравоохранения РИ</DOLGNOST>
<STAZH>11</STAZH>
<DATE_B>20110526</DATE_B>
<DATE_RED>20110526</DATE_RED>
</E06140201>
<E06140201>
<TF_OKATO>26000</TF_OKATO>
<N_EXPERT>0600008</N_EXPERT>
<ORGAN_COD>5</ORGAN_COD>
<NAME_KAT>Высшая</NAME_KAT>
<FAM>Хамхоев</FAM>
<IM>Темирхан</IM>
<OT>Хажмарович</OT>
<SNILS>072-168-344 58</SNILS>
<PHONE1>(8732) 22-36-33</PHONE1>
<PHONE2>(962) 645-42-42</PHONE2>
<E_MAIL>gungb@mail.ru</E_MAIL>
<SPEC_NAMES>Травматология и ортопедия</SPEC_NAMES>
<DATE_K>20131230</DATE_K>
<ORGAN_NAME>Муниципальное учреждение здравоохранения &quot;Назрановская городская больница&quot;</ORGAN_NAME>
<DOLGNOST>главный врач</DOLGNOST>
<STAZH>11</STAZH>
<DATE_B>20110526</DATE_B>
<DATE_RED>20110526</DATE_RED>
</E06140201>
<E06140201>
<TF_OKATO>26000</TF_OKATO>
<N_EXPERT>0600009</N_EXPERT>
<ORGAN_COD>5</ORGAN_COD>
<NAME_KAT>Высшая</NAME_KAT>
<FAM>Горчханова</FAM>
<IM>Тамара</IM>
<OT>Тамерлановна</OT>
<SNILS>066-925-781 10</SNILS>
<PHONE1>(928) 696-32-42</PHONE1>
<SPEC_NAMES>Терапия</SPEC_NAMES>
<DATE_K>20170626</DATE_K>
<ORGAN_NAME>Государственное учреждение здравоохранения &quot;Республиканская поликлиника&quot;</ORGAN_NAME>
<DOLGNOST>главный врач</DOLGNOST>
<STAZH>15</STAZH>
<DATE_B>20110526</DATE_B>
<DATE_RED>20121031</DATE_RED>
</E06140201>
<E06140201>
<TF_OKATO>26000</TF_OKATO>
<N_EXPERT>0600011</N_EXPERT>
<ORGAN_COD>5</ORGAN_COD>
<NAME_KAT>Высшая</NAME_KAT>
<FAM>Нальгиева</FAM>
<IM>Зарема</IM>
<OT>Муратовна</OT>
<SNILS>102-562-271 11</SNILS>
<PHONE1>(928) 729-06-67</PHONE1>
<E_MAIL>nalgieva.zarema@yandex.ru</E_MAIL>
<SPEC_NAMES>Терапия</SPEC_NAMES>
<DATE_K>20170518</DATE_K>
<ORGAN_NAME>Муниципальное учреждение здравоохранения &quot;Сунженская центральная районная больница &quot;</ORGAN_NAME>
<DOLGNOST>заместитель главного врача по ОМР</DOLGNOST>
<STAZH>13</STAZH>
<DATE_B>20110526</DATE_B>
<DATE_RED>20121031</DATE_RED>
</E06140201>
<E06140201>
<TF_OKATO>26000</TF_OKATO>
<N_EXPERT>0600012</N_EXPERT>
<ORGAN_COD>5</ORGAN_COD>
<NAME_KAT>Высшая</NAME_KAT>
<FAM>Аушева</FAM>
<IM>Фуна</IM>
<OT>Аюповна</OT>
<SNILS>119-226-377 55</SNILS>
<PHONE1>(8732) 22-93-20</PHONE1>
<PHONE2>(928) 728-72-28</PHONE2>
<SPEC_NAMES>Терапия</SPEC_NAMES>
<DATE_K>10.04.2013</DATE_K>
<ORGAN_NAME>Государственное учреждение здравоохранения &quot;Ингушская республиканская клиническая больница&quot;</ORGAN_NAME>
<DOLGNOST>заместитель главного врача</DOLGNOST>
<STAZH>33</STAZH>
<DATE_B>20110526</DATE_B>
<DATE_RED>20110526</DATE_RED>
</E06140201>
<E06140201>
<TF_OKATO>26000</TF_OKATO>
<N_EXPERT>0600013</N_EXPERT>
<ORGAN_COD>5</ORGAN_COD>
<NAME_KAT>Высшая</NAME_KAT>
<FAM>Дахкильгова</FAM>
<IM>Марьям</IM>
<OT>Алаудиновна</OT>
<SNILS>066-864-125 95</SNILS>
<PHONE1>(928) 090-86-84</PHONE1>
<SPEC_NAMES>Терапия</SPEC_NAMES>
<DATE_K>10.04.2013</DATE_K>
<ORGAN_NAME>Государственное учреждение здравоохранения &quot;Ингушская республиканская клиническая больница&quot;</ORGAN_NAME>
<DOLGNOST>терапевт</DOLGNOST>
<STAZH>21</STAZH>
<DATE_B>20110526</DATE_B>
<DATE_RED>20110526</DATE_RED>
</E06140201>
<E06140201>
<TF_OKATO>26000</TF_OKATO>
<N_EXPERT>0600014</N_EXPERT>
<ORGAN_COD>5</ORGAN_COD>
<NAME_KAT>Нет</NAME_KAT>
<FAM>Махлоева</FAM>
<IM>Лейла</IM>
<OT>Хамзатовна</OT>
<SNILS>102-554-311 05</SNILS>
<PHONE1>(928) 091-40-01</PHONE1>
<E_MAIL>geneti1@yandex.ru</E_MAIL>
<SPEC_NAMES>Акушерство и гинекология</SPEC_NAMES>
<DATE_K>05.07.2013</DATE_K>
<ORGAN_NAME>Муниципальное учреждение здравоохранения &quot;Сунженская центральная районная больница &quot;</ORGAN_NAME>
<DOLGNOST>заместитель главного врача</DOLGNOST>
<STAZH>20</STAZH>
<DATE_B>20110526</DATE_B>
<DATE_RED>20110526</DATE_RED>
</E06140201>
<E06140201>
<TF_OKATO>26000</TF_OKATO>
<N_EXPERT>0600018</N_EXPERT>
<ORGAN_COD>5</ORGAN_COD>
<NAME_KAT>Высшая</NAME_KAT>
<FAM>Картоева</FAM>
<IM>Тамара</IM>
<OT>Муратовна</OT>
<SNILS>066-865-145 02</SNILS>
<PHONE1>(928) 730-50-19</PHONE1>
<SPEC_NAMES>Педиатрия</SPEC_NAMES>
<DATE_K>20161015</DATE_K>
<ORGAN_NAME>Государственное учреждение здравоохранения &quot;Республиканская детская поликлиника&quot;</ORGAN_NAME>
<DOLGNOST>заместитель главного врача</DOLGNOST>
<STAZH>20</STAZH>
<DATE_B>20110526</DATE_B>
<DATE_RED>10.11.2012</DATE_RED>
</E06140201>
<E06140201>
<TF_OKATO>26000</TF_OKATO>
<N_EXPERT>0600027</N_EXPERT>
<ORGAN_COD>5</ORGAN_COD>
<NAME_KAT>Высшая</NAME_KAT>
<FAM>Базоркина</FAM>
<IM>Асьма</IM>
<OT>Ахметовна</OT>
<SNILS>066-790-112 83</SNILS>
<PHONE1>(8732) 22-89-13</PHONE1>
<PHONE2>(906) 487-37-77</PHONE2>
<E_MAIL>red mz@mail.ru</E_MAIL>
<SPEC_NAMES>Эндокринология</SPEC_NAMES>
<DATE_K>04.03.2013</DATE_K>
<ORGAN_NAME>Государственное учреждение здравоохранения &quot;Республиканский эндокринологический диспансер&quot;</ORGAN_NAME>
<DOLGNOST>главный врач</DOLGNOST>
<STAZH>20</STAZH>
<DATE_B>20110526</DATE_B>
<DATE_RED>20110526</DATE_RED>
</E06140201>
<E06140201>
<TF_OKATO>26000</TF_OKATO>
<N_EXPERT>0600029</N_EXPERT>
<ORGAN_COD>5</ORGAN_COD>
<NAME_KAT>Высшая</NAME_KAT>
<FAM>Угурчиева</FAM>
<IM>Хади</IM>
<OT>Юсуповна</OT>
<SNILS>066-863-834 12</SNILS>
<PHONE1>(8732)22-89-58</PHONE1>
<PHONE2>(928) 695-04-64</PHONE2>
<SPEC_NAMES>Оториноларингология</SPEC_NAMES>
<DATE_K>20140327</DATE_K>
<ORGAN_NAME>Государственное учреждение здравоохранения &quot;Республиканская детская поликлиника&quot;</ORGAN_NAME>
<DOLGNOST>заместитель главного врача</DOLGNOST>
<STAZH>19</STAZH>
<DATE_B>20110526</DATE_B>
<DATE_RED>20110526</DATE_RED>
</E06140201>
<E06140201>
<TF_OKATO>26000</TF_OKATO>
<N_EXPERT>0600036</N_EXPERT>
<ORGAN_COD>5</ORGAN_COD>
<NAME_KAT>Высшая</NAME_KAT>
<FAM>Льянова</FAM>
<IM>Лидия</IM>
<OT>Махметовна</OT>
<SNILS>066-864-044 95</SNILS>
<PHONE1>(928)696-82-66</PHONE1>
<SPEC_NAMES>Инфекционные болезни</SPEC_NAMES>
<DATE_K>02.02.2013</DATE_K>
<ORGAN_NAME>Государственное бюджетное учреждение здравоохранения &quot;Назрановская городская больница&quot;</ORGAN_NAME>
<DOLGNOST>врач инфекционист</DOLGNOST>
<STAZH>21</STAZH>
<DATE_B>11.07.2011</DATE_B>
<DATE_RED>20120328</DATE_RED>
</E06140201>
<E06140201>
<TF_OKATO>26000</TF_OKATO>
<N_EXPERT>0600037</N_EXPERT>
<ORGAN_COD>6</ORGAN_COD>
<NAME_KAT>Высшая</NAME_KAT>
<FAM>Муцольгова</FAM>
<IM>Эльвира</IM>
<OT>Абуевна</OT>
<SNILS>119-226-619 54</SNILS>
<PHONE1>(928)920-09-37</PHONE1>
<SPEC_NAMES>Педиатрия</SPEC_NAMES>
<DATE_K>20161015</DATE_K>
<ORGAN_NAME>Государственное бюджетное учреждение здравоохранения &quot;Сунженская центральная районная больница&quot;</ORGAN_NAME>
<DOLGNOST>врач педиатр</DOLGNOST>
<STAZH>11</STAZH>
<DATE_B>20111116</DATE_B>
<DATE_RED>20111116</DATE_RED>
</E06140201>
<E06140201>
<TF_OKATO>26000</TF_OKATO>
<N_EXPERT>0600016</N_EXPERT>
<ORGAN_COD>5</ORGAN_COD>
<NAME_KAT>Первая</NAME_KAT>
<FAM>Тангиева</FAM>
<IM>Макка</IM>
<OT>Юсуповна</OT>
<SNILS>125-520-449 28</SNILS>
<PHONE1>(928)091-00-11</PHONE1>
<E_MAIL>makkadoc-06@mail.ru</E_MAIL>
<SPEC_NAMES>Акушерство и гинекология</SPEC_NAMES>
<DATE_K>20170517</DATE_K>
<ORGAN_NAME>Государственное бюджетное учреждение &quot;Республиканская поликлиника&quot;</ORGAN_NAME>
<DOLGNOST>заведующая женской консультации</DOLGNOST>
<STAZH>10</STAZH>
<DATE_B>20120216</DATE_B>
<DATE_RED>20121031</DATE_RED>
</E06140201>
<E06140201>
<TF_OKATO>26000</TF_OKATO>
<N_EXPERT>0600038</N_EXPERT>
<ORGAN_COD>1</ORGAN_COD>
<NAME_KAT>Высшая</NAME_KAT>
<FAM>Кодзоева</FAM>
<IM>Элина</IM>
<OT>Башировна</OT>
<SNILS>094-743-271 94</SNILS>
<PHONE1>(926)697-30-50</PHONE1>
<E_MAIL>satiko@mail.ru</E_MAIL>
<SPEC_NAMES>Акушерство и гинекология</SPEC_NAMES>
<DATE_K>03.07.2018</DATE_K>
<ORGAN_NAME>Министерство здравоохранения РИ</ORGAN_NAME>
<DOLGNOST>главный врач ЦОМД</DOLGNOST>
<STAZH>10</STAZH>
<DATE_B>20111230</DATE_B>
<DATE_RED>06.10.2013</DATE_RED>
</E06140201>
<E06140201>
<TF_OKATO>26000</TF_OKATO>
<N_EXPERT>0600020</N_EXPERT>
<ORGAN_COD>5</ORGAN_COD>
<NAME_KAT>Нет</NAME_KAT>
<FAM>Булгучева</FAM>
<IM>Изабелла</IM>
<OT>Башировна</OT>
<SNILS>102-554-585 29</SNILS>
<PHONE1>(928)726-29-46</PHONE1>
<SPEC_NAMES>Неонатология</SPEC_NAMES>
<DATE_K>12.04.2014</DATE_K>
<ORGAN_NAME>Государственное бюджетное учреждение здравоохранения &quot;Сунженская центральная районная больница&quot;</ORGAN_NAME>
<DOLGNOST>врач неонатолог</DOLGNOST>
<STAZH>12</STAZH>
<DATE_B>20120216</DATE_B>
<DATE_RED>20120216</DATE_RED>
</E06140201>
<E06140201>
<TF_OKATO>26000</TF_OKATO>
<N_EXPERT>0600024</N_EXPERT>
<ORGAN_COD>5</ORGAN_COD>
<NAME_KAT>Высшая</NAME_KAT>
<NAME_STEP>Кандидат медицинских наук</NAME_STEP>
<FAM>Албакова</FAM>
<IM>Зара</IM>
<OT>Абдулмажитовна</OT>
<SNILS>108-976-515 99</SNILS>
<PHONE1>(928)729-81-99</PHONE1>
<E_MAIL>zaraakbakova@yandex.ru</E_MAIL>
<SPEC_NAMES>Анестезиология и реаниматология</SPEC_NAMES>
<DATE_K>04.08.2013</DATE_K>
<ORGAN_NAME>Государственное бюджетное учреждение здравоохранения &quot;Сунженская центральная районная больница&quot;</ORGAN_NAME>
<DOLGNOST>заведующая анестезиолого - реанимационным отделением</DOLGNOST>
<STAZH>20</STAZH>
<DATE_B>20120216</DATE_B>
<DATE_RED>20120216</DATE_RED>
</E06140201>
<E06140201>
<TF_OKATO>26000</TF_OKATO>
<N_EXPERT>0600017</N_EXPERT>
<ORGAN_COD>5</ORGAN_COD>
<NAME_KAT>Высшая</NAME_KAT>
<FAM>Евлоева</FAM>
<IM>Хава</IM>
<OT>Ахмедовна</OT>
<SNILS>108-974-530 98</SNILS>
<PHONE1>(928)920-74-63</PHONE1>
<E_MAIL>evloeva2010@yandex.ru</E_MAIL>
<SPEC_NAMES>Педиатрия</SPEC_NAMES>
<DATE_K>20161015</DATE_K>
<ORGAN_NAME>Государственное бюджетное учреждение здравоохранения &quot;Сунженская центральная районная больница&quot;</ORGAN_NAME>
<DOLGNOST>врач педиатр</DOLGNOST>
<STAZH>21</STAZH>
<DATE_B>03.12.2012</DATE_B>
<DATE_RED>03.12.2012</DATE_RED>
</E06140201>
<E06140201>
<TF_OKATO>26000</TF_OKATO>
<N_EXPERT>0600021</N_EXPERT>
<ORGAN_COD>5</ORGAN_COD>
<NAME_KAT>Первая</NAME_KAT>
<FAM>Измайлова</FAM>
<IM>Марьям</IM>
<OT>Солмановна</OT>
<SNILS>066-863-797 24</SNILS>
<PHONE1>(928)798-52-25</PHONE1>
<SPEC_NAMES>Неонатология</SPEC_NAMES>
<DATE_K>07.03.2017</DATE_K>
<ORGAN_NAME>Государственное бюджетное учреждение &quot;Центр охраны материнства и детства&quot;</ORGAN_NAME>
<DOLGNOST>врач неонатолог</DOLGNOST>
<STAZH>15</STAZH>
<DATE_B>03.12.2012</DATE_B>
<DATE_RED>20121031</DATE_RED>
</E06140201>
<E06140201>
<TF_OKATO>26000</TF_OKATO>
<N_EXPERT>0600003</N_EXPERT>
<ORGAN_COD>5</ORGAN_COD>
<NAME_KAT>Высшая</NAME_KAT>
<FAM>Ведзижев</FAM>
<IM>Хасан</IM>
<OT>Ахметович</OT>
<SNILS>119-921-841 80</SNILS>
<PHONE1>(928)094-28-62</PHONE1>
<SPEC_NAMES>Хирургия</SPEC_NAMES>
<DATE_K>20150327</DATE_K>
<ORGAN_NAME>Государственное бюджетное учреждение здравоохранения &quot;Сунженская центральная районная больница&quot;</ORGAN_NAME>
<DOLGNOST>врач хирург</DOLGNOST>
<STAZH>17</STAZH>
<DATE_B>20120328</DATE_B>
<DATE_RED>20120328</DATE_RED>
</E06140201>
<E06140201>
<TF_OKATO>26000</TF_OKATO>
<N_EXPERT>0600039</N_EXPERT>
<ORGAN_COD>5</ORGAN_COD>
<NAME_KAT>Нет</NAME_KAT>
<NAME_STEP>Кандидат медицинских наук</NAME_STEP>
<FAM>Мусиева</FAM>
<IM>Хадий</IM>
<OT>Закреевна</OT>
<SNILS>066-925-979 22</SNILS>
<PHONE1>(928)742-61-21</PHONE1>
<SPEC_NAMES>Неврология</SPEC_NAMES>
<DATE_K>20160521</DATE_K>
<ORGAN_NAME>Государственное бюджетное учреждение здравоохранения &quot;Назрановская городская больница&quot;</ORGAN_NAME>
<DOLGNOST>заведующая неврололическим отделением</DOLGNOST>
<STAZH>20</STAZH>
<DATE_B>04.11.2012</DATE_B>
<DATE_RED>04.11.2012</DATE_RED>
</E06140201>
<E06140201>
<TF_OKATO>26000</TF_OKATO>
<N_EXPERT>0600005</N_EXPERT>
<ORGAN_COD>5</ORGAN_COD>
<NAME_KAT>Нет</NAME_KAT>
<FAM>Албакова</FAM>
<IM>Аза</IM>
<OT>Махмутовна</OT>
<SNILS>123-935-043 45</SNILS>
<PHONE1>(928)099-99-53</PHONE1>
<SPEC_NAMES>Челюстно-лицевая хирургия</SPEC_NAMES>
<DATE_K>04.03.2014</DATE_K>
<ORGAN_NAME>Государственное бюджетное учреждение &quot;Ингушская республиканская клиническая больница&quot;</ORGAN_NAME>
<DOLGNOST>врач челюстно-лицевой хирург</DOLGNOST>
<STAZH>10</STAZH>
<DATE_B>04.11.2012</DATE_B>
<DATE_RED>04.11.2012</DATE_RED>
</E06140201>
<E06140201>
<TF_OKATO>26000</TF_OKATO>
<N_EXPERT>0600040</N_EXPERT>
<ORGAN_COD>5</ORGAN_COD>
<NAME_KAT>нет</NAME_KAT>
<NAME_STEP>Кандидат медицинских наук</NAME_STEP>
<FAM>Таутиев</FAM>
<IM>Насрудин</IM>
<OT>Хасанович</OT>
<SNILS>066-864-280-04</SNILS>
<PHONE1>(928)742-81-82</PHONE1>
<SPEC_NAMES>Травматолог ортопед</SPEC_NAMES>
<DATE_K>20131230</DATE_K>
<ORGAN_NAME>Государственное бюджетное учреждение &quot;Ингушская республиканская клиническая больница&quot;</ORGAN_NAME>
<DOLGNOST>заведующая травматологическим отделением</DOLGNOST>
<STAZH>17</STAZH>
<DATE_B>04.11.2012</DATE_B>
<DATE_RED>04.11.2012</DATE_RED>
</E06140201>
<E06140201>
<TF_OKATO>26000</TF_OKATO>
<N_EXPERT>0600010</N_EXPERT>
<ORGAN_COD>5</ORGAN_COD>
<NAME_KAT>Высшая</NAME_KAT>
<FAM>Тимерханова</FAM>
<IM>Любовь</IM>
<OT>Хасановна</OT>
<SNILS>113-782-217 42</SNILS>
<PHONE1>(928)791-82-41</PHONE1>
<SPEC_NAMES>Терапия</SPEC_NAMES>
<DATE_K>06.11.2014</DATE_K>
<ORGAN_NAME>Государственное бюджетное учреждение &quot;Республиканская поликлиника&quot;</ORGAN_NAME>
<DOLGNOST>врач терапевт</DOLGNOST>
<STAZH>42</STAZH>
<DATE_B>04.11.2012</DATE_B>
<DATE_RED>04.11.2012</DATE_RED>
</E06140201>
<E06140201>
<TF_OKATO>26000</TF_OKATO>
<N_EXPERT>0600026</N_EXPERT>
<ORGAN_COD>5</ORGAN_COD>
<NAME_KAT>Высшая</NAME_KAT>
<FAM>Антошкиева</FAM>
<IM>Румия</IM>
<OT>Магомет-Башировна</OT>
<SNILS>066-863-906 11</SNILS>
<PHONE1>(963)174-93-45</PHONE1>
<E_MAIL>rumita71@mail.ru</E_MAIL>
<SPEC_NAMES>Анестезиология и реаниматология</SPEC_NAMES>
<DATE_K>11.02.2015</DATE_K>
<ORGAN_NAME>Государственное бюджетное учреждение &quot;Ингушская республиканская клиническая больница&quot;</ORGAN_NAME>
<DOLGNOST>врач анестезиолог - реаниматолог</DOLGNOST>
<STAZH>15</STAZH>
<DATE_B>04.11.2012</DATE_B>
<DATE_RED>04.11.2012</DATE_RED>
</E06140201>
<E06140201>
<TF_OKATO>26000</TF_OKATO>
<N_EXPERT>0600031</N_EXPERT>
<ORGAN_COD>5</ORGAN_COD>
<NAME_KAT>Высшая</NAME_KAT>
<FAM>Маматиева</FAM>
<IM>Зарема</IM>
<OT>Мухарбековна</OT>
<SNILS>074-204-863 50</SNILS>
<PHONE1>(928)794-00-31</PHONE1>
<SPEC_NAMES>Офтальмология</SPEC_NAMES>
<DATE_K>20140318</DATE_K>
<ORGAN_NAME>Государственное бюджетное учреждение &quot;Республиканская поликлиника&quot;</ORGAN_NAME>
<DOLGNOST>врач офтальмолог</DOLGNOST>
<STAZH>19</STAZH>
<DATE_B>04.11.2012</DATE_B>
<DATE_RED>04.11.2012</DATE_RED>
</E06140201>
<E06140201>
<TF_OKATO>26000</TF_OKATO>
<N_EXPERT>0600023</N_EXPERT>
<ORGAN_COD>5</ORGAN_COD>
<NAME_KAT>нет</NAME_KAT>
<NAME_STEP>Кандидат медицинских наук</NAME_STEP>
<FAM>Озиева</FAM>
<IM>Мадина</IM>
<OT>Хасановна</OT>
<SNILS>085-655-309 97</SNILS>
<PHONE1>(928)790-28-18</PHONE1>
<SPEC_NAMES>Онкология</SPEC_NAMES>
<DATE_K>11.06.2017</DATE_K>
<ORGAN_NAME>Государственное бюджетное учреждение &quot;Ингушская республиканская клиническая больница&quot;</ORGAN_NAME>
<DOLGNOST>врач онколог</DOLGNOST>
<STAZH>12</STAZH>
<DATE_B>04.11.2012</DATE_B>
<DATE_RED>04.11.2012</DATE_RED>
</E06140201>
<E06140201>
<TF_OKATO>26000</TF_OKATO>
<N_EXPERT>0600032</N_EXPERT>
<ORGAN_COD>5</ORGAN_COD>
<NAME_KAT>нет</NAME_KAT>
<FAM>Шибилова</FAM>
<IM>Марем</IM>
<OT>Магомед-Салиевна</OT>
<SNILS>074-204-918 48</SNILS>
<PHONE1>(928)793-49-43</PHONE1>
<SPEC_NAMES>Неврология</SPEC_NAMES>
<DATE_K>20161231</DATE_K>
<ORGAN_NAME>Государственное бюджетное учреждение &quot;Республиканская поликлиника&quot;</ORGAN_NAME>
<DOLGNOST>врач невролог</DOLGNOST>
<STAZH>21</STAZH>
<DATE_B>04.11.2012</DATE_B>
<DATE_RED>04.11.2012</DATE_RED>
</E06140201>
<E06140201>
<TF_OKATO>26000</TF_OKATO>
<N_EXPERT>0600019</N_EXPERT>
<ORGAN_COD>5</ORGAN_COD>
<NAME_KAT>Первая</NAME_KAT>
<FAM>Кодзоева</FAM>
<IM>Эсет</IM>
<OT>Салмановна</OT>
<SNILS>125-520-478 33</SNILS>
<PHONE1>(928)742-65-00</PHONE1>
<SPEC_NAMES>Педиатрия</SPEC_NAMES>
<DATE_K>20161015</DATE_K>
<ORGAN_NAME>Государственное бюджетное учреждение &quot;Республиканская детская поликлиника&quot;</ORGAN_NAME>
<DOLGNOST>врач педиатр</DOLGNOST>
<STAZH>11</STAZH>
<DATE_B>04.12.2012</DATE_B>
<DATE_RED>04.12.2012</DATE_RED>
</E06140201>
<E06140201>
<TF_OKATO>26000</TF_OKATO>
<N_EXPERT>0600025</N_EXPERT>
<ORGAN_COD>5</ORGAN_COD>
<NAME_KAT>Нет</NAME_KAT>
<FAM>Ахильгова</FAM>
<IM>Лидия</IM>
<OT>Ильясовна</OT>
<SNILS>079-978-770 73</SNILS>
<PHONE1>(928)090-17-14</PHONE1>
<SPEC_NAMES>Терапия</SPEC_NAMES>
<DATE_K>20141215</DATE_K>
<ORGAN_NAME>Государственное бюджетное учреждение &quot;Ингушская республиканская клиническая больница&quot;</ORGAN_NAME>
<DOLGNOST>врач терапевт</DOLGNOST>
<STAZH>12</STAZH>
<DATE_B>20120415</DATE_B>
<DATE_RED>20120415</DATE_RED>
</E06140201>
<E06140201>
<TF_OKATO>26000</TF_OKATO>
<N_EXPERT>0600034</N_EXPERT>
<ORGAN_COD>5</ORGAN_COD>
<NAME_KAT>высшая</NAME_KAT>
<FAM>Сапралиева</FAM>
<IM>Дзейнап</IM>
<OT>Османовна</OT>
<SNILS>066-864-042 93</SNILS>
<PHONE1>(928)793-38-37</PHONE1>
<E_MAIL>sdo62@inbox.ru</E_MAIL>
<SPEC_NAMES>Инфекционные болезни</SPEC_NAMES>
<DATE_K>20130520</DATE_K>
<ORGAN_NAME>Государственное бюджетное учреждение &quot;Ингушская республиканская клиническая больница&quot;</ORGAN_NAME>
<DOLGNOST>врач инфекционист</DOLGNOST>
<STAZH>26</STAZH>
<DATE_B>20120516</DATE_B>
<DATE_RED>20121031</DATE_RED>
</E06140201>
<E06140201>
<TF_OKATO>26000</TF_OKATO>
<N_EXPERT>0600041</N_EXPERT>
<ORGAN_COD>5</ORGAN_COD>
<NAME_KAT>высшая</NAME_KAT>
<NAME_STEP>Кандидат медицинских наук</NAME_STEP>
<FAM>Толдиева</FAM>
<IM>Фариза</IM>
<OT>Амировна</OT>
<SNILS>066-790-147 94</SNILS>
<PHONE1>(928)093-08-30</PHONE1>
<SPEC_NAMES>Терапия</SPEC_NAMES>
<DATE_K>20170713</DATE_K>
<ORGAN_NAME>Государственное бюджетное учреждение &quot;Ингушская республиканская клиническая больница&quot;</ORGAN_NAME>
<DOLGNOST>врач терапевт</DOLGNOST>
<STAZH>14</STAZH>
<DATE_B>11.08.2012</DATE_B>
<DATE_RED>11.08.2012</DATE_RED>
</E06140201>
<E06140201>
<TF_OKATO>26000</TF_OKATO>
<N_EXPERT>0600015</N_EXPERT>
<ORGAN_COD>5</ORGAN_COD>
<NAME_KAT>высшая</NAME_KAT>
<FAM>Аушева</FAM>
<IM>Лейла</IM>
<OT>Ахметхановна</OT>
<SNILS>124-773-515 63</SNILS>
<PHONE1>(928726-00-60)</PHONE1>
<SPEC_NAMES>Акушерство и гинекология</SPEC_NAMES>
<DATE_K>20121221</DATE_K>
<ORGAN_NAME>Государственное бюджетное учреждение &quot;Республиканская поликлиника&quot;</ORGAN_NAME>
<DOLGNOST>врач акушер - гинеколог</DOLGNOST>
<STAZH>17</STAZH>
<DATE_B>11.09.2012</DATE_B>
<DATE_RED>11.09.2012</DATE_RED>
</E06140201>
<E06140201>
<TF_OKATO>26000</TF_OKATO>
<N_EXPERT>0600042</N_EXPERT>
<ORGAN_COD>5</ORGAN_COD>
<NAME_KAT>высшая</NAME_KAT>
<FAM>Евлоева</FAM>
<IM>Пятимат</IM>
<OT>Магометовна</OT>
<SNILS>066-789-721 42</SNILS>
<PHONE1>(928)743-21-51</PHONE1>
<E_MAIL>evloeva-f-m@mail.ru</E_MAIL>
<SPEC_NAMES>Педиатрия</SPEC_NAMES>
<DATE_K>20171027</DATE_K>
<ORGAN_NAME>Государственное бюджетное учреждение &quot;Центр охраны материнства и детства&quot;</ORGAN_NAME>
<DOLGNOST>заместитель главного врача</DOLGNOST>
<STAZH>31</STAZH>
<DATE_B>20121126</DATE_B>
<DATE_RED>20121126</DATE_RED>
</E06140201>
<E06140201>
<TF_OKATO>26000</TF_OKATO>
<N_EXPERT>0600043</N_EXPERT>
<ORGAN_COD>6</ORGAN_COD>
<NAME_KAT>нет</NAME_KAT>
<FAM>Дзауров</FAM>
<IM>Ахмет</IM>
<OT>Мурадович</OT>
<SNILS>066-863-964 21</SNILS>
<PHONE1>(964)025-49-99</PHONE1>
<SPEC_NAMES>Хирургия</SPEC_NAMES>
<DATE_K>20170531</DATE_K>
<ORGAN_NAME>Территориальный фонд обязательного медицинского страхования</ORGAN_NAME>
<DOLGNOST>первый заместитель директора</DOLGNOST>
<STAZH>40</STAZH>
<DATE_B>02.08.2013</DATE_B>
<DATE_RED>20130213</DATE_RED>
</E06140201>
<E06140201>
<TF_OKATO>26000</TF_OKATO>
<N_EXPERT>0600045</N_EXPERT>
<ORGAN_COD>5</ORGAN_COD>
<NAME_KAT>высшая</NAME_KAT>
<FAM>Цуроева</FAM>
<IM>Золхан</IM>
<OT>Магомедовна</OT>
<SNILS>153-122-197 21</SNILS>
<PHONE1>(928)698-99-86</PHONE1>
<SPEC_NAMES>Акушерство и гинекология</SPEC_NAMES>
<DATE_K>07.03.2015</DATE_K>
<ORGAN_NAME>Государственное бюджетное учреждение здравоохранения &quot;Сунженская центральная районная больница&quot;</ORGAN_NAME>
<DOLGNOST>врач акушер - гинеколог</DOLGNOST>
<STAZH>18</STAZH>
<DATE_B>02.08.2013</DATE_B>
<DATE_RED>20130213</DATE_RED>
</E06140201>
<E06140201>
<TF_OKATO>26000</TF_OKATO>
<N_EXPERT>0600044</N_EXPERT>
<ORGAN_COD>5</ORGAN_COD>
<NAME_KAT>нет</NAME_KAT>
<NAME_STEP>Кандидат медицинских наук</NAME_STEP>
<FAM>Долгиева</FAM>
<IM>Хава</IM>
<OT>Ильясовна</OT>
<SNILS>066-927-346 03</SNILS>
<PHONE1>(962)644-20-53</PHONE1>
<SPEC_NAMES>Терапия</SPEC_NAMES>
<DATE_K>20160415</DATE_K>
<ORGAN_NAME>Государственное бюджетное учреждение &quot;Республиканская поликлиника&quot;</ORGAN_NAME>
<DOLGNOST>врач терапевт</DOLGNOST>
<STAZH>29</STAZH>
<DATE_B>02.08.2013</DATE_B>
<DATE_RED>20130213</DATE_RED>
</E06140201>
<E06140201>
<TF_OKATO>26000</TF_OKATO>
<N_EXPERT>0600047</N_EXPERT>
<ORGAN_COD>5</ORGAN_COD>
<NAME_KAT>высшая</NAME_KAT>
<NAME_STEP>Кандидат медицинских наук</NAME_STEP>
<FAM>Аушева</FAM>
<IM>Фатима</IM>
<OT>Хаважбагаудиновна</OT>
<SNILS>139-302-702 44</SNILS>
<PHONE1>(928)793-50-86</PHONE1>
<SPEC_NAMES>Неонатология</SPEC_NAMES>
<DATE_K>07.03.2017</DATE_K>
<ORGAN_NAME>Государственное бюджетное учреждение &quot;Центр охраны материнства и детства&quot;</ORGAN_NAME>
<DOLGNOST>врач неонатолог</DOLGNOST>
<STAZH>18</STAZH>
<DATE_B>04.03.2013</DATE_B>
<DATE_RED>04.03.2013</DATE_RED>
</E06140201>
<E06140201>
<TF_OKATO>26000</TF_OKATO>
<N_EXPERT>0600026</N_EXPERT>
<ORGAN_COD>5</ORGAN_COD>
<NAME_KAT>Высшая</NAME_KAT>
<FAM>Антошкиева</FAM>
<IM>Румия</IM>
<OT>Магомет-Башировна</OT>
<SNILS>066-863-906 11</SNILS>
<PHONE1>(963)174-93-45</PHONE1>
<E_MAIL>rumita71@mail.ru</E_MAIL>
<SPEC_NAMES>педиотрия</SPEC_NAMES>
<DATE_K>11.02.2015</DATE_K>
<ORGAN_NAME>Государственное бюджетное учреждение &quot;Ингушская республиканская клиническая больница&quot;</ORGAN_NAME>
<DOLGNOST>врач педиатр</DOLGNOST>
<STAZH>15</STAZH>
<DATE_B>04.11.2012</DATE_B>
<DATE_RED>04.11.2012</DATE_RED>
</E06140201>
<E06140201>
<TF_OKATO>26000</TF_OKATO>
<N_EXPERT>0600041</N_EXPERT>
<ORGAN_COD>5</ORGAN_COD>
<NAME_KAT>высшая</NAME_KAT>
<NAME_STEP>Кандидат медицинских наук</NAME_STEP>
<FAM>Толдиева</FAM>
<IM>Фариза</IM>
<OT>Амировна</OT>
<SNILS>066-790-147 94</SNILS>
<PHONE1>(928)093-08-30</PHONE1>
<SPEC_NAMES>кардиология</SPEC_NAMES>
<DATE_K>20170713</DATE_K>
<ORGAN_NAME>Государственное бюджетное учреждение &quot;Ингушская республиканская клиническая больница&quot;</ORGAN_NAME>
<DOLGNOST>врач кардиолог</DOLGNOST>
<STAZH>14</STAZH>
<DATE_B>11.08.2012</DATE_B>
<DATE_RED>11.08.2012</DATE_RED>
</E06140201>
<E06140201>
<TF_OKATO>26000</TF_OKATO>
<N_EXPERT>0600049</N_EXPERT>
<ORGAN_COD>5</ORGAN_COD>
<NAME_KAT>высшая</NAME_KAT>
<FAM>Кокурхаева</FAM>
<IM>Фатима</IM>
<OT>Якубовна</OT>
<SNILS>135-489-684 04</SNILS>
<PHONE1>(928)793-38-19</PHONE1>
<E_MAIL>sssmp03@yandex.ru</E_MAIL>
<SPEC_NAMES>скорая медицинская помощь</SPEC_NAMES>
<DATE_K>04.04.2014</DATE_K>
<ORGAN_NAME>ГБУ Сунженская станция скорой медицинской помощи</ORGAN_NAME>
<DOLGNOST>главный врач</DOLGNOST>
<STAZH>26</STAZH>
<DATE_B>20130620</DATE_B>
<DATE_RED>20130620</DATE_RED>
</E06140201>
<E06140201>
<TF_OKATO>26000</TF_OKATO>
<N_EXPERT>0600048</N_EXPERT>
<ORGAN_COD>5</ORGAN_COD>
<NAME_KAT>высшая</NAME_KAT>
<FAM>Дзаурова</FAM>
<IM>Надифа</IM>
<OT>Хасановна</OT>
<SNILS>066-930-496 94</SNILS>
<PHONE1>(928)918-37-78</PHONE1>
<SPEC_NAMES>скорая медицинская помощь</SPEC_NAMES>
<DATE_K>04.04.2014</DATE_K>
<ORGAN_NAME>ГБУ Республиканская станция скорой медицинской помощи</ORGAN_NAME>
<DOLGNOST>замиститель главного врача</DOLGNOST>
<STAZH>21</STAZH>
<DATE_B>20130620</DATE_B>
<DATE_RED>20130620</DATE_RED>
</E06140201>
<E06140201>
<TF_OKATO>26000</TF_OKATO>
<N_EXPERT>0600049</N_EXPERT>
<ORGAN_COD>5</ORGAN_COD>
<NAME_KAT>нет</NAME_KAT>
<FAM>Нальгиева</FAM>
<IM>Елизавета</IM>
<OT>Хаджимуратовна</OT>
<SNILS>119-509-040 53</SNILS>
<PHONE1>(903)487-45-54</PHONE1>
<SPEC_NAMES>Неврология</SPEC_NAMES>
<DATE_K>12.11.2017</DATE_K>
<ORGAN_NAME>ООО Клиника &quot;Академия здоровья&quot;</ORGAN_NAME>
<DOLGNOST>врач невролог</DOLGNOST>
<STAZH>10</STAZH>
<DATE_B>02.07.2014</DATE_B>
<DATE_RED>02.12.2014</DATE_RED>
</E06140201>
<E06140201>
<TF_OKATO>26000</TF_OKATO>
<N_EXPERT>0600050</N_EXPERT>
<ORGAN_COD>5</ORGAN_COD>
<NAME_KAT>высшая</NAME_KAT>
<NAME_STEP>Кандидат медицинских наук</NAME_STEP>
<FAM>Костоева</FAM>
<IM>Зарета</IM>
<OT>Абасовна</OT>
<SNILS>075-062-439 55</SNILS>
<PHONE1>(928)096-56-06</PHONE1>
<SPEC_NAMES>Акушерство и гинекология</SPEC_NAMES>
<DATE_K>20171113</DATE_K>
<ORGAN_NAME>Государственное бюджетное учреждение &quot;Центр охраны материнства и детства&quot;</ORGAN_NAME>
<DOLGNOST>врач акушер - гинеколог</DOLGNOST>
<STAZH>15</STAZH>
<DATE_B>20131014</DATE_B>
<DATE_RED>02.12.2014</DATE_RED>
</E06140201>
</dataroot>
