<?xml version="1.0" encoding="UTF-8"?>
<dataroot xmlns:od="urn:schemas-microsoft-com:officedata" xmlns:xsi="http://www.w3.org/2001/XMLSchema-instance"  xsi:noNamespaceSchemaLocation="SMO1.xsd" generated="2014-02-20T17:53:33">
<SMO1>
<TF_OKATO>26000</TF_OKATO>
<SMOCOD>6500</SMOCOD>
<NAM_SMOP>Филиал ЗАО &quot;Медицинская акционерная страховая компания&quot; в городе Назрани</NAM_SMOP>
<NAM_SMOK>филиал ЗАО &quot;МАКС-М&quot; в г.Назрани</NAM_SMOK>
<INN>7702030351</INN>
<OGRN>1027739099772</OGRN>
<KPP>60802002</KPP>
<INDEX_J>386101</INDEX_J>
<ADDR_J>Республика Ингушетия г. Назрань, ул. Набережная, д. 26</ADDR_J>
<INDEX_F>386101</INDEX_F>
<ADDR_F>Республика Ингушетия г. Назрань, ул. Набережная, д. 26</ADDR_F>
<OKOPF>67</OKOPF>
<FAM_RUK>Дзауров</FAM_RUK>
<IM_RUK>Хасан</IM_RUK>
<OT_RUK>Ахметович</OT_RUK>
<PHONE>8 (8732) 22-40-29</PHONE>
<FAX>8 (8732) 22-40-27</FAX>
<E_MAIL>makcnazran@rambler.ru</E_MAIL>
<WWW>www.makcm.ru</WWW>
<N_DOC>C№222677</N_DOC>
<D_START>2007-03-26T00:00:00</D_START>
<ORG>2</ORG>
<D_BEGIN>2011-03-10T00:00:00</D_BEGIN>
<DUVED>2012-07-10T00:00:00</DUVED>
<KOL_ZL>459443</KOL_ZL>
<D_EDIT>2011-04-15T00:00:00</D_EDIT>
</SMO1>
</dataroot>
